"row_id","MDPL2__Rockstar__dbId","MDPL2__Rockstar__rockstarId","MDPL2__Rockstar__scale","MDPL2__Rockstar__desc_scale","MDPL2__Rockstar__descId","MDPL2__Rockstar__nprog","MDPL2__Rockstar__pId","MDPL2__Rockstar__upId","MDPL2__Rockstar__desc_pId","MDPL2__Rockstar__phantom","MDPL2__Rockstar__Mvir_SAM","MDPL2__Rockstar__Mvir","MDPL2__Rockstar__Rvir","MDPL2__Rockstar__Rs","MDPL2__Rockstar__Vrms","MDPL2__Rockstar__mmp","MDPL2__Rockstar__lastMM_scale","MDPL2__Rockstar__Vmax","MDPL2__Rockstar__x","MDPL2__Rockstar__y","MDPL2__Rockstar__z","MDPL2__Rockstar__vx","MDPL2__Rockstar__vy","MDPL2__Rockstar__vz","MDPL2__Rockstar__angMom_x","MDPL2__Rockstar__angMom_y","MDPL2__Rockstar__angMom_z","MDPL2__Rockstar__spin","MDPL2__Rockstar__breadthFirstId","MDPL2__Rockstar__depthFirstId","MDPL2__Rockstar__treeRootId","MDPL2__Rockstar__forestId","MDPL2__Rockstar__origHaloId","MDPL2__Rockstar__rockstar_snapnum","MDPL2__Rockstar__snapnum","MDPL2__Rockstar__nextCoprog_depthFirstId","MDPL2__Rockstar__mainLeaf_depthFirstId","MDPL2__Rockstar__lastProg_depthFirstId","MDPL2__Rockstar__Rs_Klypin","MDPL2__Rockstar__Mvir_all","MDPL2__Rockstar__M200b","MDPL2__Rockstar__M200c","MDPL2__Rockstar__M500c","MDPL2__Rockstar__M2500c","MDPL2__Rockstar__Xoff","MDPL2__Rockstar__Voff","MDPL2__Rockstar__spin_Bullock","MDPL2__Rockstar__axisratio_2_1","MDPL2__Rockstar__axisratio_3_1","MDPL2__Rockstar__axis1_x","MDPL2__Rockstar__axis1_y","MDPL2__Rockstar__axis1_z","MDPL2__Rockstar__axisratio_2_1_500c","MDPL2__Rockstar__axisratio_3_1_500c","MDPL2__Rockstar__axis1_x_500c","MDPL2__Rockstar__axis1_y_500c","MDPL2__Rockstar__axis1_z_500c","MDPL2__Rockstar__T_U","MDPL2__Rockstar__M_pe_Behroozi","MDPL2__Rockstar__M_pe_Diemer","MDPL2__Rockstar__Macc","MDPL2__Rockstar__Mpeak","MDPL2__Rockstar__Vacc","MDPL2__Rockstar__Vpeak","MDPL2__Rockstar__halfmass_scale","MDPL2__Rockstar__accRate_Inst","MDPL2__Rockstar__accRate_100Myr","MDPL2__Rockstar__accRate_1Tdyn","MDPL2__Rockstar__accRate_2Tdyn","MDPL2__Rockstar__accRate_Mpeak","MDPL2__Rockstar__Mpeak_scale","MDPL2__Rockstar__Acc_scale","MDPL2__Rockstar__First_Acc_scale","MDPL2__Rockstar__First_Acc_Mvir","MDPL2__Rockstar__First_Acc_Vmax","MDPL2__Rockstar__Vmax_Mpeak","MDPL2__Rockstar__ix","MDPL2__Rockstar__iy","MDPL2__Rockstar__iz","MDPL2__Rockstar__phkey"
1,11611301492942,11301492942,0.8192,0.8376,11455599320,1,11301492789,11301492789,11455599192,0,12028700000000,11912000000000,498.4,42.13,513.71,1,0.4605,434.1,674.724,57.5655,534.655,20.32,-587.95,1244.85,-42290000000000,10120000000000,10350000000000,0.01388,1918046925,1918046922,12661431071,12661430774,98631140,116,116,-1,1918047012,1918048680,46.2904,14980000000000,12204000000000,11134000000000,9231200000000,4742000000000,12.2295,55.23,0.01834,0.72956,0.53392,22.9982,3.5914,26.0222,0.8158,0.56119,19.5182,0.04851,20.1581,0.7876,13980000000000,6004000000000,15932000000000,15932000000000,455.63,516.38,0.4406,-3271,-3271,-2402,-760.2,522.1,0.7173,0.717,0.717,15930000000000,455.63,455.63,690,58,547,880011965
2,11711455599192,11455599192,0.8376,0.8564,11608748750,17,-1,-1,-1,0,377253000000000,379390000000000,1569.26,278.011,1368.61,1,0.6862,1219.2,674.74,58.2422,534.485,-498,-83.19,-110.36,-2.073e16,2.263e16,725500000000000,0.03081,111653178,111652994,12661431059,12661430774,97975555,117,117,111675773,111653101,111675772,257.706,380360000000000,389030000000000,344830000000000,232470000000000,101810000000000,90.645,296.77,0.03907,0.60477,0.41544,89.2798,-8.21403,92.2359,0.59192,0.43352,63.9782,11.0181,68.9652,0.7092,387400000000000,310600000000000,379390000000000,379390000000000,1219.2,1222.93,0.6712,18050,18050,58310,73700,65650,0.8376,0.838,0.838,379400000000000,1219.2,1219.2,690,59,547,880011964
3,11711455599322,11455599322,0.8376,0.8564,11608748865,2,11455599192,11455599192,11608748750,0,31174700000000,25806000000000,640.575,46.151,733.2,1,0.3377,590.72,674.539,58.0302,534.398,700.98,-1194.08,1653.51,-346000000000000,517300000000000,481400000000000,0.03478,1059732145,1059732140,12661431073,12661430774,97975544,117,117,-1,1059732224,1059735999,46.768,38814000000000,27379000000000,23763000000000,19578000000000,11628000000000,30.7523,169.68,0.08834,0.65457,0.45953,22.8493,-19.0455,32.3755,0.73581,0.54769,18.9698,-12.5552,25.8073,0.9468,30660000000000,12010000000000,31355000000000,33440000000000,564.55,649.88,0.369,-8042,-8042,-4090,-403.6,1444,0.7173,0.767,0.767,31360000000000,564.55,581.28,690,59,547,880011964
4,10309201290042,9201290042,0.6142,0.628,9369360379,2,9201289964,9201289964,9369360307,0,32287700000000,30554000000000,729.27,212.516,671.58,1,0.2957,546.76,675.337,58.1666,533.244,-87.52,486.72,897.42,-376200000000000,747000000000000,-730400000000000,0.05198,111655187,111669775,12661431059,12661430774,106707476,103,103,111671464,111669863,111671463,244.148,30617000000000,31764000000000,26700000000000,16003000000000,7334400000000,61.0805,176.86,0.10592,0.52327,0.47627,26.0778,30.7575,47.6306,0.54903,0.46422,24.1134,18.3033,34.2181,0.8742,27110000000000,34580000000000,25946000000000,33637000000000,529.29,585.79,0.4814,-13910,-13910,7107,6958,7888,0.6008,0.588,0.588,25950000000000,529.29,564.44,691,59,546,880011960
5,10309201290182,9201290182,0.6142,0.628,9369360523,1,-1,-1,-1,0,14443300000000,14440000000000,568.052,132.496,468.87,1,0.4605,438.95,676.202,61.3791,533.243,-458.09,-832.57,180.63,-6373000000000,133200000000000,-60790000000000,0.04202,1918046973,1918046935,12661431071,12661430774,106708669,103,103,1918048394,1918047012,1918048393,133.848,14440000000000,14879000000000,12656000000000,8668200000000,3771100000000,18.6893,73.9,0.04875,0.72564,0.46065,21.7974,36.2338,-17.6295,0.624,0.41468,13.6369,29.7156,-17.5455,0.6317,12610000000000,13610000000000,14440000000000,14440000000000,438.95,516.38,0.4309,67.69,67.69,537.5,1315,1482,0.6142,0.614,0.614,14440000000000,438.95,438.95,692,62,546,880012164
6,12312364148792,12364148792,0.9567,0.9781,12516182156,1,-1,-1,-1,0,23705700000000,20931000000000,570.671,73.574,525.32,1,0.3377,476.99,675.043,57.5339,535.661,-247.95,6.88,321.19,-18750000000000,182700000000000,-1102000000000,0.02199,1059732134,1059732134,12661431073,12661430774,94038089,123,123,-1,1059732224,1059736157,64.2494,27815000000000,23609000000000,16224000000000,11283000000000,6745700000000,30.7452,98.91,0.02799,0.59664,0.4967,29.2129,-12.3948,23.7583,0.74732,0.63994,18.5759,-10.5503,15.366,0.7361,20600000000000,11790000000000,20931000000000,39591000000000,476.99,649.88,0.4505,-4373,-4373,-3048,-3081,2399,0.8564,0.957,0.767,31360000000000,564.55,584.97,691,58,548,880011971
7,11010355148936,10355148936,0.7173,0.7333,10515591880,4,-1,-1,-1,0,32852000000000,33440000000000,728.22,115.892,605.48,1,0.3377,581.28,674.676,59.8691,532.593,-293.67,-806.13,676.99,419800000000000,149200000000000,-526100000000000,0.04672,1059732196,1059732147,12661431073,12661430774,102541347,110,110,1059735297,1059732224,1059735296,111.207,33625000000000,35900000000000,27901000000000,19415000000000,10387000000000,38.564,56.02,0.05319,0.66883,0.60804,-9.98166,45.6899,-27.1424,0.63892,0.5614,-1.42379,38.8233,-19.365,0.6374,34190000000000,22540000000000,33440000000000,33440000000000,581.28,649.88,0.369,3786,3786,4326,2199,2142,0.7173,0.717,0.717,33440000000000,581.28,581.28,690,61,545,880012108
8,11310833153986,10833153986,0.7666,0.7837,10990317671,14,-1,-1,-1,0,323490000000000,323300000000000,1525.89,414.143,1313.55,1,0.6862,1149.63,675,58.2694,534.335,-486.39,-28.54,70.01,-8.334e15,1.854e16,-1.243e16,0.02663,111653498,111652998,12661431059,12661430774,100609871,113,113,111673237,111653101,111673236,322.136,324530000000000,342010000000000,284720000000000,186730000000000,41974000000000,238.893,162.08,0.04086,0.39343,0.33486,114.604,-19.7941,105.914,0.36616,0.2365,82.0712,-11.4758,71.0498,0.7775,303900000000000,339600000000000,323300000000000,323300000000000,1149.63,1205.18,0.6565,87160,87160,99380,68640,64030,0.7666,0.767,0.767,323300000000000,1149.63,1149.63,691,59,547,880011967
9,11511146416646,11146416646,0.8013,0.8192,11301492789,11,-1,-1,-1,0,361527000000000,362960000000000,1566.72,350.307,1326.91,1,0.6862,1208.18,674.898,58.2179,534.395,-253.18,-124.57,64.05,-1.383e16,1.816e16,-2.321e15,0.02409,111653315,111652996,12661431059,12661430774,99284987,115,115,111674403,111653101,111674402,273.674,364540000000000,372840000000000,333150000000000,216060000000000,64709000000000,100.316,185.05,0.03193,0.4989,0.32135,93.6162,-9.9632,106.85,0.40069,0.2825,60.7108,8.0183,77.8083,0.7168,367000000000000,347800000000000,362960000000000,362960000000000,1208.18,1208.18,0.6712,55440,55440,72020,74680,65950,0.8013,0.801,0.801,363000000000000,1208.18,1208.18,691,59,547,880011967
10,10108862119206,8862119206,0.5876,0.6008,9032185555,1,8862119205,8862119205,-1,0,25782000000000,25782000000000,694.232,45.707,820.42,0,0.2647,678.06,677.178,58.4946,535.501,-842.97,-286.69,-1290.65,-147500000000000,-242900000000000,84150000000000,0.02307,111655541,111657126,12661431059,12661430774,107718554,101,101,111660227,111657189,111660226,50.4177,30393000000000,26104000000000,24690000000000,21240000000000,13498000000000,81.4382,130.01,0.03822,0.68658,0.42829,16.3992,0.90809,44.2812,0.72715,0.44851,14.6798,0.09453,38.1309,0.875,30560000000000,11440000000000,27031000000000,29285000000000,626.98,759,0.2957,1084,1084,-1538,-1549,0,0.4505,0.526,0.526,27030000000000,626.98,661.94,693,59,548,880011822
11,10108862119376,8862119376,0.5876,0.6008,9032185711,2,-1,-1,9032185629,0,28170000000000,25946000000000,695.702,190.354,604.74,1,0.2957,529.29,675.443,57.9533,532.781,-295.16,380.12,876.4,-113000000000000,139700000000000,-25310000000000,0.01652,111655663,111669777,12661431059,12661430774,107718457,101,101,111671272,111669863,111671271,219.876,25982000000000,26954000000000,21997000000000,13665000000000,6491300000000,52.6593,103.44,0.02316,0.49053,0.3922,27.412,17.633,55.9765,0.54055,0.38609,22.7983,9.29243,40.9741,0.7328,23930000000000,28370000000000,25946000000000,25946000000000,529.29,585.79,0.4309,4781,4781,5486,5540,5573,0.5876,0.588,0.588,25950000000000,529.29,529.29,691,59,545,880011959
12,12212214182776,12214182776,0.9357,0.9567,12364148792,1,-1,-1,-1,0,23705700000000,22294000000000,587.674,91.482,540.71,1,0.3377,475.32,675.085,57.5467,535.564,-119.93,-105.58,505.58,-66030000000000,288600000000000,131000000000000,0.03391,1059732135,1059732135,12661431073,12661430774,94690365,122,122,-1,1059732224,1059736157,77.3689,30066000000000,24571000000000,17987000000000,11705000000000,6656900000000,26.0756,103.86,0.04471,0.52156,0.45608,30.2885,-13.3983,26.2946,0.64037,0.58385,19.9905,-10.0697,16.9609,0.75,22030000000000,14790000000000,22294000000000,39591000000000,475.32,649.88,0.4505,-18210,-18210,-3418,-2529,2456,0.8564,0.936,0.767,31360000000000,564.55,584.97,691,58,548,880011971
13,12412516182156,12516182156,0.9781,1,12661431073,1,-1,-1,-1,0,23705700000000,21657000000000,572.245,73.935,533.13,1,0.3377,476.01,674.979,57.5493,535.713,-326.43,68.49,166.48,-48820000000000,148900000000000,-48550000000000,0.01773,1059732133,1059732133,12661431073,12661430774,93415275,124,124,-1,1059732224,1059736157,66.5204,27457000000000,25036000000000,16620000000000,11709000000000,6858600000000,26.7152,74.12,0.02346,0.64695,0.54703,30.9736,-10.3202,21.6125,0.72919,0.63699,22.0988,-8.55886,13.9592,0.7519,21570000000000,12310000000000,21657000000000,39591000000000,476.01,649.88,0.4505,2311,2311,-5556,-2908,2258,0.8564,0.978,0.767,31360000000000,564.55,584.97,691,58,548,880011971
14,10609702329176,9702329176,0.6565,0.6712,9867184323,3,-1,-1,-1,0,28461700000000,28201000000000,701.303,90.748,611.85,1,0.3377,591.36,674.988,60.6726,531.943,-333.81,-760.21,596.87,-18070000000000,-26620000000000,-173700000000000,0.01723,1059732257,1059732151,12661431073,12661430774,105010944,106,106,1059735143,1059732224,1059735142,86.7853,28216000000000,29679000000000,25024000000000,18858000000000,10160000000000,10.8049,13.53,0.01874,0.70214,0.64956,-2.04559,44.3673,-22.9508,0.68325,0.61889,1.37957,37.9399,-16.4639,0.6296,27000000000000,17540000000000,28201000000000,28201000000000,591.36,649.88,0.3453,2227,2227,587.3,1526,1673,0.6565,0.656,0.656,28200000000000,591.36,591.36,691,62,544,880012149
15,10709867184106,9867184106,0.6712,0.6862,10030936908,5,-1,-1,10030936873,0,101334000000000,101770000000000,1070.88,303.746,913.83,1,0.6008,838.99,675.255,58.2191,533.98,-127.48,82.84,686.82,377900000000000,989200000000000,-6.39e15,0.05465,111654344,111662717,12661431059,12661430774,104420586,107,107,111666653,111662784,111666652,196.735,101770000000000,104260000000000,94729000000000,61976000000000,9457000000000,116.86,70.31,0.08024,0.49484,0.45014,81.0087,103.602,-4.55664,0.36014,0.25928,76.3676,68.7694,-10.8927,0.7497,97490000000000,107100000000000,101770000000000,101770000000000,838.99,861.53,0.5876,14080,14080,37080,29860,27020,0.6712,0.671,0.671,101800000000000,838.99,838.99,691,59,546,880011960
16,11010355148709,10355148709,0.7173,0.7333,10515591681,6,-1,-1,-1,0,276655000000000,257890000000000,1438.75,238.224,1296.4,1,0.6862,1141.7,675.691,58.1844,534.443,-829.56,-98.14,-196.36,3.135e15,2.506e16,-1.815e16,0.05836,111653847,111653001,12661431059,12661430774,102541486,110,110,111662714,111653101,111662713,227.373,257940000000000,272530000000000,231370000000000,168380000000000,68961000000000,129.87,518.59,0.07971,0.68559,0.4549,76.5543,-9.76596,78.8546,0.69427,0.41166,68.1666,-17.9516,52.1936,0.7496,242600000000000,194300000000000,257890000000000,257890000000000,1141.7,1141.7,0.628,38250,38250,89410,59660,60930,0.7173,0.717,0.717,257900000000000,1141.7,1141.7,691,59,547,880011967
17,11611301492789,11301492789,0.8192,0.8376,11455599192,12,-1,-1,-1,0,372177000000000,374180000000000,1572.56,292.545,1360.4,1,0.6862,1222.93,674.866,58.2382,534.498,-412.86,-33.04,-53.01,-1.817e16,2.378e16,-1.859e15,0.0303,111653238,111652995,12661431059,12661430774,98631181,116,116,111674896,111653101,111674895,258.384,375500000000000,384230000000000,344920000000000,237540000000000,80040000000000,34.4678,260.18,0.03935,0.43272,0.31027,93.8328,-17.3049,102.041,0.37682,0.27518,67.1936,-9.98369,78.1198,0.7165,386300000000000,323400000000000,374180000000000,374180000000000,1222.93,1222.93,0.6712,39670,39670,70600,75190,66310,0.8192,0.819,0.819,374200000000000,1222.93,1222.93,691,59,547,880011967
18,11911761035199,11761035199,0.8755,0.8951,11912589559,14,-1,-1,-1,0,377570000000000,374410000000000,1540.42,339.719,1288.68,1,0.6862,1155.41,674.412,58.1228,534.393,-593.51,-220.66,46.76,-1.545e16,2.56e16,3.172e15,0.03024,111653089,111652992,12661431059,12661430774,96653335,119,119,111677341,111653101,111677340,318.393,374700000000000,393960000000000,327990000000000,195590000000000,71245000000000,194.147,220.75,0.03854,0.42362,0.32382,85.0088,-42.4511,104.111,0.49171,0.4001,54.012,-3.2759,68.0732,0.6921,376900000000000,349800000000000,374410000000000,379390000000000,1155.41,1222.93,0.6712,-12830,-12830,32050,66940,58600,0.8376,0.875,0.875,374400000000000,1155.41,1219.2,690,59,547,880011964
19,12011912589559,11912589559,0.8951,0.9152,12063509043,6,-1,-1,-1,0,377704000000000,378660000000000,1534.7,411.817,1234.15,1,0.6862,1121.96,674.326,58.0536,534.452,-590.76,-219.44,60,-1.294e16,2.395e16,290300000000000,0.02729,111653055,111652991,12661431059,12661430774,95989147,120,120,111677518,111653101,111677517,395.723,378850000000000,399570000000000,308740000000000,184060000000000,67804000000000,166.899,216.84,0.03399,0.36927,0.29969,81.1479,-36.5974,95.635,0.48084,0.39417,49.8368,-5.0646,57.9361,0.663,369000000000000,390600000000000,378660000000000,379390000000000,1121.96,1222.93,0.6712,14180,14180,21120,60460,56680,0.8376,0.895,0.895,378700000000000,1121.96,1219.2,690,59,547,880011964
20,10209032185629,9032185629,0.6008,0.6142,9201289964,3,-1,-1,-1,0,85357900000000,67533000000000,953.533,571.127,808.37,1,0.6008,720.69,675.77,58.6153,533.152,-231.29,-567.32,499.93,-2.7e15,876000000000000,-4.875e15,0.05459,111655353,111662722,12661431059,12661430774,107220163,102,102,111665176,111662784,111665175,305.538,68860000000000,69466000000000,59872000000000,25131000000000,7912400000000,185.313,457.78,0.1448,0.59795,0.34289,30.0395,94.4941,-39.8343,0.42673,0.34319,-3.56415,50.67,-46.7482,1.0864,58710000000000,91210000000000,67533000000000,67533000000000,720.69,720.69,0.5747,90180,90180,37210,20860,21090,0.6008,0.601,0.601,67530000000000,720.69,720.69,691,60,545,880012104
21,10409369360379,9369360379,0.628,0.6421,9536386975,2,9369360307,9369360307,9536386909,0,29430000000000,32672000000000,742.804,182.545,734.95,1,0.2957,569.75,675.342,58.3124,533.475,161.94,575.11,882.1,-420700000000000,1.091e15,-1.056e15,0.04251,111654975,111669774,12661431059,12661430774,106148506,104,104,-1,111669863,111671484,178.557,32994000000000,34036000000000,29648000000000,18494000000000,7417200000000,57.1166,276.9,0.13319,0.42207,0.39991,32.9207,46.9691,45.757,0.48955,0.43237,29.3031,27.3894,31.5525,1.0518,29060000000000,32290000000000,25946000000000,33637000000000,529.29,585.79,0.4814,9284,9284,7528,7329,7620,0.6008,0.588,0.588,25950000000000,529.29,564.44,691,59,546,880011960
22,10509536386909,9536386909,0.6421,0.6565,9702328954,11,-1,-1,-1,0,90925300000000,89561000000000,1035.29,169.148,1001.41,1,0.6008,861.53,675.433,58.2198,533.644,-578.83,-226.03,764.64,-1.118e15,1.362e15,-7.187e15,0.0304,111654722,111662719,12661431059,12661430774,105602227,105,105,111666288,111662784,111666287,140.47,89628000000000,91993000000000,84303000000000,64225000000000,28266000000000,92.9853,465.08,0.11546,0.61827,0.55097,18.0984,99.9852,-13.5175,0.49992,0.44477,11.8691,89.1248,-7.95351,0.9683,87280000000000,69980000000000,89561000000000,89561000000000,861.53,861.53,0.5747,20220,20220,47650,26900,26000,0.6421,0.642,0.642,89560000000000,861.53,861.53,691,59,546,880011960
23,12412516182129,12516182129,0.9781,1,12661431059,7,-1,-1,-1,0,378383000000000,327290000000000,1414.8,307.301,1130.93,1,0.6862,1055.4,673.899,57.8741,534.55,-375.32,-155.54,184.1,-3.509e15,1.187e16,-1.642e16,0.0274,111652987,111652987,12661431059,12661430774,93415258,124,124,111680247,111653101,111680246,317.365,327370000000000,380350000000000,255400000000000,170400000000000,66035000000000,108.777,102.11,0.03183,0.5227,0.42053,66.6013,-21.4541,76.1269,0.57432,0.44307,40.3779,-18.4561,52.8552,0.6319,324700000000000,292200000000000,327290000000000,379390000000000,1055.4,1222.93,0.6712,-19230,-19230,-26020,15280,48120,0.8376,0.978,0.978,327300000000000,1055.4,1219.2,690,59,547,880011964
24,12512661431059,12661431059,1,0,-1,6,-1,-1,-1,0,378383000000000,324400000000000,1398.11,295.785,1119.74,1,0.6862,1058.77,673.836,57.8403,534.586,-315.1,-176.47,226.4,-3.87e15,1.131e16,-1.589e16,0.02726,111652986,111652986,12661431059,12661430774,92781702,125,125,-1,111653101,111681439,283.972,324420000000000,377420000000000,259710000000000,173190000000000,64343000000000,89.0147,141.9,0.03104,0.52754,0.42491,60.0778,-25.1774,73.5326,0.54758,0.43884,36.9755,-20.6888,50.6889,0.6223,328800000000000,288900000000000,324400000000000,379390000000000,1058.77,1222.93,0.6712,-9092,-9092,-25810,9006,45270,0.8376,1,1,324400000000000,1058.77,1219.2,690,59,547,880011964
25,10810030937119,10030937119,0.6862,0.7016,10193610988,2,-1,-1,-1,0,15387300000000,15193000000000,565.437,92.982,490.06,1,0.4605,449.9,675.553,60.156,533.444,-537.83,-1151.56,149.6,-14790000000000,154800000000000,31130000000000,0.03978,1918046946,1918046930,12661431071,12661430774,103809325,108,108,-1,1918047012,1918048511,91.8061,15218000000000,15989000000000,13463000000000,10050000000000,4400300000000,27.1413,50.27,0.04635,0.86328,0.52258,-2.28302,-26.4886,28.7102,0.78956,0.4639,-3.7627,-22.8785,22.2031,0.6637,14110000000000,11430000000000,15193000000000,15268000000000,449.9,516.38,0.4406,-304.4,-304.4,560.8,615,819.2,0.6712,0.686,0.686,15190000000000,449.9,447.11,691,61,546,880012102
26,11511146416805,11146416805,0.8013,0.8192,11301492942,1,11146416646,11146416646,11301492789,0,12546000000000,12837000000000,514.266,41.482,546.64,1,0.4605,450.99,674.732,57.7629,534.343,-144.73,-1093.7,1306.02,-62640000000000,33460000000000,5500000000000,0.01768,1918046927,1918046923,12661431071,12661430774,99284831,115,115,-1,1918047012,1918048680,46.6574,17544000000000,13323000000000,11819000000000,9589500000000,5226800000000,13.6661,45.52,0.02601,0.58027,0.42435,20.771,-6.60362,30.9221,0.62911,0.47036,17.9859,-3.68458,23.4862,0.8302,14380000000000,6127000000000,15932000000000,15932000000000,455.63,516.38,0.4406,-185.7,-185.7,-1742,-489.2,532.3,0.7173,0.717,0.717,15930000000000,455.63,455.63,690,59,547,880011964
27,11611301492945,11301492945,0.8192,0.8376,11455599322,2,11301492789,11301492789,11455599192,0,27908300000000,28127000000000,663.674,73.41,601.04,1,0.3377,562.21,674.457,58.3688,534.01,80.05,-1446.2,1459.12,-10850000000000,207900000000000,-92380000000000,0.01919,1059732149,1059732141,12661431073,12661430774,98631083,116,116,1059735936,1059732224,1059735935,69.7957,31752000000000,30566000000000,23715000000000,18060000000000,10299000000000,17.9491,82.63,0.02233,0.62406,0.48488,13.5338,-30.6843,33.6592,0.66889,0.53685,-8.13058,25.9218,-24.0293,0.6917,27290000000000,15630000000000,31355000000000,33440000000000,564.55,649.88,0.369,-5887,-5887,-3129,187.7,1519,0.7173,0.767,0.767,31360000000000,564.55,581.28,690,59,546,880011963
28,11811608748865,11608748865,0.8564,0.8755,11761035297,1,11608748750,11608748750,11761035199,0,29998300000000,39591000000000,733.678,110.935,794.9,1,0.3377,584.97,674.748,57.8386,534.748,888.05,-591.01,1307.24,-1.091e15,-376700000000000,-458900000000000,0.03579,1059732141,1059732139,12661431073,12661430774,97305448,118,118,1059736000,1059732224,1059735999,103.453,65113000000000,43914000000000,32189000000000,21553000000000,12019000000000,52.0472,242.88,0.06783,0.44706,0.33487,-7.23734,47.298,-45.7639,0.80054,0.61552,-5.90882,28.4954,-23.4136,1.1211,37510000000000,25090000000000,31355000000000,39591000000000,564.55,649.88,0.4505,47120,47120,4603,3443,2760,0.8564,0.767,0.767,31360000000000,564.55,584.97,690,59,547,880011964
29,10108862119205,8862119205,0.5876,0.6008,9032185555,6,-1,-1,-1,0,114370000000000,113000000000000,1136.14,155.628,1106.9,1,0.5378,977.69,677.214,58.5114,535.602,-570.77,-126.75,-415.06,-3.774e15,-3.229e15,1.115e15,0.04124,111655540,111653010,12661431059,12661430774,107718555,101,101,111657126,111653101,111657125,144.541,113020000000000,114620000000000,105620000000000,74981000000000,39981000000000,106.728,222.79,0.05592,0.46218,0.27887,40.346,-0.98094,90.1607,0.44026,0.28739,31.8135,2.2564,71.4907,0.759,101500000000000,71220000000000,113000000000000,113000000000000,977.69,977.69,0.5032,13560,13560,45000,32750,32830,0.5876,0.588,0.588,113000000000000,977.69,977.69,693,59,548,880011822
30,12011912589635,11912589635,0.8951,0.9152,12063509108,3,11912589559,11912589559,12063509043,0,25223000000000,23179000000000,604.839,85.569,573.67,1,0.3377,474.64,675.051,57.648,535.251,371.2,-314.66,891.64,-152400000000000,246600000000000,130000000000000,0.02909,1059732137,1059732137,12661431073,12661430774,95989155,120,120,-1,1059732224,1059736157,93.1862,29688000000000,24651000000000,20206000000000,14645000000000,6477800000000,46.0058,107.83,0.04172,0.61824,0.55636,18.4016,-26.9056,29.5728,0.58117,0.5044,18.6881,-16.1315,24.3895,0.7912,23890000000000,15720000000000,31355000000000,39591000000000,564.55,649.88,0.4505,-4734,-4734,-4473,-1626,2665,0.8564,0.767,0.767,31360000000000,564.55,584.97,691,59,548,880011968
31,10209032185555,9032185555,0.6008,0.6142,9201289891,18,-1,-1,-1,0,119013000000000,120000000000000,1154.95,215.117,1106.83,1,0.5378,959.53,677.092,58.4874,535.572,-501.37,-138.64,-301.79,-3.98e15,-2.479e15,1.213e15,0.03089,111655311,111653009,12661431059,12661430774,107220260,102,102,111660984,111653101,111660983,172.093,120210000000000,121580000000000,112180000000000,81149000000000,29295000000000,163.105,81.25,0.04768,0.37738,0.24859,48.1282,12.077,124.801,0.28727,0.18783,40.1795,12.3401,107.133,0.7993,108400000000000,99050000000000,120000000000000,120000000000000,959.53,977.69,0.5145,32070,32070,42110,33600,33780,0.6008,0.601,0.601,120000000000000,959.53,959.53,693,59,548,880011822
32,10509536386975,9536386975,0.6421,0.6565,9702329018,1,9536386909,9536386909,9702328954,0,24127300000000,25064000000000,677.179,106.275,719.25,1,0.2957,553.55,675.446,58.43,533.686,602.09,334.89,701.69,-230400000000000,497700000000000,-237400000000000,0.04327,111654765,111669773,12661431059,12661430774,105602238,105,105,111671485,111669863,111671484,101.32,25157000000000,26137000000000,22015000000000,16392000000000,7891400000000,52.4985,293.84,0.07788,0.60666,0.53134,30.3059,37.5137,33.421,0.59664,0.51417,29.5386,29.5001,22.0137,1.1437,22100000000000,17630000000000,25946000000000,33637000000000,529.29,585.79,0.4814,-32670,-32670,541.1,3424,7077,0.6008,0.588,0.588,25950000000000,529.29,564.44,691,59,546,880011960
33,10709867184315,9867184315,0.6712,0.6862,10030937119,2,-1,-1,-1,0,15096000000000,15268000000000,569.021,102.208,489.46,1,0.4605,447.11,675.693,60.4375,533.399,-540.39,-1083.68,148.41,-19560000000000,157400000000000,7560000000000,0.03906,1918046950,1918046931,12661431071,12661430774,104420570,107,107,1918048473,1918047012,1918048472,102.532,15325000000000,16015000000000,13448000000000,9609000000000,4301000000000,41.4142,54.94,0.04645,0.83439,0.50762,10.6936,29.7863,-23.0241,0.73128,0.45069,7.26575,23.652,-20.0415,0.6689,13560000000000,11910000000000,15268000000000,15268000000000,447.11,516.38,0.4406,1822,1822,807.4,819,941.2,0.6712,0.671,0.671,15270000000000,447.11,447.11,691,61,546,880012102
34,10810030936965,10030936965,0.6862,0.7016,10193610827,1,10030936908,10030936873,10193610773,0,10349700000000,10737000000000,503.65,55.446,441.74,1,0.2957,427.55,675.647,58.4287,534.11,-35.8,-234.2,642.45,-72630000000000,68900000000000,26550000000000,0.05296,111654199,111669770,12661431059,12661430774,103809350,108,108,-1,111669863,111671795,57.8676,11554000000000,10884000000000,10172000000000,7807100000000,3981800000000,22.2758,69.53,0.054,0.58564,0.49328,32.0737,26.8085,3.97487,0.58697,0.50101,20.9598,26.385,1.59189,0.6064,10820000000000,6126000000000,25946000000000,33637000000000,529.29,585.79,0.4814,7976,7976,-16330,-3363,5130,0.6008,0.588,0.588,25950000000000,529.29,564.44,691,59,546,880011960
35,10810030937125,10030937125,0.6862,0.7016,10193610993,1,-1,-1,-1,0,31093700000000,31299000000000,719.477,98.152,616.59,1,0.3377,593.7,674.822,60.2841,532.254,-317.02,-786.63,630.95,299300000000000,172400000000000,-432100000000000,0.04266,1059732225,1059732149,12661431073,12661430774,103809122,108,108,-1,1059732224,1059735204,95.2885,31299000000000,33572000000000,26309000000000,19259000000000,10694000000000,37.2996,52.37,0.04847,0.66946,0.60835,-4.60806,45.8329,-26.7583,0.6236,0.58009,1.21581,39.248,-19.5391,0.6473,31000000000000,19110000000000,31299000000000,31299000000000,593.7,649.88,0.3609,7253,7253,2734,1809,2235,0.6862,0.686,0.686,31300000000000,593.7,593.7,691,61,545,880012107
36,11210674919684,10674919684,0.7498,0.7666,10833154158,1,10674919510,10674919510,10833153986,0,14298700000000,14524000000000,545.56,71.178,477.16,1,0.4605,439.89,675.008,58.8751,533.678,-518.2,-1460.7,402.04,30140000000000,139900000000000,50710000000000,0.04298,1918046933,1918046926,12661431071,12661430774,101255016,112,112,1918048626,1918047012,1918048625,76.1996,15494000000000,15271000000000,13065000000000,10172000000000,4570400000000,17.8038,7.66,0.04625,0.72308,0.51109,14.4323,-21.0013,29.2769,0.67682,0.44631,13.1616,-14.8216,25.2282,0.6325,14720000000000,9496000000000,15932000000000,15932000000000,455.63,516.38,0.4406,-78.66,-78.66,-217,285.2,596.8,0.7173,0.717,0.717,15930000000000,455.63,455.63,691,60,546,880012103
37,10209032185854,9032185854,0.6008,0.6142,9201290182,1,-1,-1,-1,0,14329700000000,14425000000000,569.991,135.586,471.59,1,0.4605,441.1,676.315,61.5812,533.194,-441.23,-769.37,191.01,-8552000000000,125600000000000,-58380000000000,0.03909,1918046980,1918046936,12661431071,12661430774,107221341,102,102,-1,1918047012,1918048393,139.148,14425000000000,14813000000000,12801000000000,8553700000000,3644600000000,8.65619,103.92,0.04666,0.69942,0.42997,26.8814,38.6812,-14.1897,0.61707,0.42335,17.4505,30.4521,-16.513,0.6488,12570000000000,13900000000000,14425000000000,14425000000000,441.1,516.38,0.4309,1379,1379,571.1,1766,1618,0.6008,0.601,0.601,14420000000000,441.1,441.1,692,63,545,880012168
38,10309201289964,9201289964,0.6142,0.628,9369360307,7,-1,-1,-1,0,85578700000000,76493000000000,990.24,351.277,870.36,1,0.6008,775.76,675.699,58.4613,533.306,-294.05,-608.03,601.36,-2.197e15,1.407e15,-6.306e15,0.059,111655132,111662721,12661431059,12661430774,106707471,103,103,-1,111662784,111665584,208.535,80071000000000,77687000000000,71263000000000,46648000000000,8376100000000,125.782,539.49,0.14103,0.76957,0.5318,51.4248,79.8882,-18.153,0.41574,0.34142,-7.7551,60.9489,-41.2856,1.0956,69600000000000,84090000000000,76493000000000,76493000000000,775.76,775.76,0.5747,40440,40440,42090,23890,22790,0.6142,0.614,0.614,76490000000000,775.76,775.76,691,59,546,880011960
39,10609702328954,9702328954,0.6565,0.6712,9867184106,6,-1,-1,-1,0,98194700000000,98363000000000,1063.56,246.545,970.39,1,0.6008,848.58,675.306,58.2179,533.812,-360.9,40.25,741.3,-289700000000000,1.532e15,-6.257e15,0.04927,111654528,111662718,12661431059,12661430774,105010898,106,106,111666491,111662784,111666490,178.709,98371000000000,100480000000000,91770000000000,66791000000000,15418000000000,93.9716,236.12,0.08529,0.48765,0.44055,62.6136,101.761,-8.13305,0.35794,0.25475,69.8706,80.0289,-1.73353,0.8325,92290000000000,95150000000000,98363000000000,98363000000000,848.58,861.53,0.5876,37060,37060,48170,29440,28180,0.6565,0.656,0.656,98360000000000,848.58,848.58,691,59,546,880011960
40,10709867184064,9867184064,0.6712,0.6862,10030936873,8,-1,-1,-1,0,174013000000000,168620000000000,1267.18,606.76,1065.38,1,0.5378,923.43,676.312,58.2435,534.791,-649.74,-221.91,-400.35,-655400000000000,4.201e15,-4.217e15,0.01851,111654327,111653004,12661431059,12661430774,104420609,107,107,111661832,111653101,111661831,580.447,170000000000000,195570000000000,114050000000000,71131000000000,30126000000000,126.997,311.8,0.03198,0.47325,0.26072,52.3151,2.8476,110.343,0.47001,0.33676,18.3854,15.3292,74.2062,0.8036,173000000000000,265800000000000,168620000000000,168620000000000,923.43,977.69,0.5378,132100,132100,40610,41520,39060,0.6712,0.671,0.671,168600000000000,923.43,923.43,692,59,547,880011874
41,11110515591681,10515591681,0.7333,0.7498,10674919510,22,-1,-1,-1,0,280583000000000,284130000000000,1478.16,243.039,1359.82,1,0.6862,1205.18,675.368,58.2534,534.386,-945.34,179.47,-118.32,-1.673e15,2.121e16,-1.565e16,0.04002,111653716,111653000,12661431059,12661430774,101914117,111,111,111669767,111653101,111669766,197.519,284420000000000,294810000000000,251280000000000,186710000000000,82647000000000,106.561,663.23,0.05712,0.5501,0.4584,72.4564,-8.10614,90.6171,0.50433,0.33724,68.4908,-14.9926,68.1218,0.7737,266500000000000,210200000000000,284130000000000,284130000000000,1205.18,1205.18,0.6565,100900,100900,101900,62820,63980,0.7333,0.733,0.733,284100000000000,1205.18,1205.18,691,59,547,880011967
42,11410990317671,10990317671,0.7837,0.8013,11146416646,9,-1,-1,-1,0,344567000000000,347440000000000,1553.69,413.088,1325.07,1,0.6862,1157.33,674.917,58.2485,534.34,-297.55,-121.01,57.62,-1.372e16,1.45e16,-4.618e15,0.02102,111653402,111652997,12661431059,12661430774,99946901,114,114,111673931,111653101,111673930,353.368,350140000000000,359610000000000,311590000000000,194820000000000,51285000000000,191.447,147.31,0.03091,0.39301,0.28655,104.939,-1.53749,110.321,0.35451,0.25431,74.0828,1.75555,80.2953,0.7603,336500000000000,355600000000000,347440000000000,347440000000000,1157.33,1205.18,0.6712,88200,88200,83170,73570,66770,0.7837,0.784,0.784,347400000000000,1157.33,1157.33,691,59,547,880011967
43,11410990317841,10990317841,0.7837,0.8013,11146416805,1,10990317671,10990317671,11146416646,0,13184300000000,12889000000000,518.181,58.698,502.48,1,0.4605,429.83,674.791,58.0935,534.029,-359.24,-1610.46,1190.21,-24550000000000,19540000000000,-12950000000000,0.0098,1918046929,1918046924,12661431071,12661430774,99946849,114,114,-1,1918047012,1918048680,61.121,16176000000000,13251000000000,11881000000000,9091200000000,4444000000000,27.6761,57.28,0.01241,0.53741,0.39404,18.6852,-17.4574,32.4612,0.54057,0.42041,16.5809,-10.6283,25.2896,0.7506,13380000000000,7663000000000,15932000000000,15932000000000,455.63,516.38,0.4406,-3427,-3427,-1454,-404.5,573.4,0.7173,0.717,0.717,15930000000000,455.63,455.63,690,59,546,880011963
44,10209032185711,9032185711,0.6008,0.6142,9201290042,4,9032185629,9032185629,9201289964,0,30045700000000,33637000000000,755.851,354.406,670.23,1,0.2957,564.44,675.38,58.0534,533.017,-194.79,428.43,905.91,-864400000000000,976400000000000,-248500000000000,0.0435,111655415,111669776,12661431059,12661430774,107220158,102,102,111671393,111669863,111671392,347.054,33714000000000,35257000000000,26099000000000,15172000000000,6920400000000,83.7085,219.55,0.10887,0.51678,0.41448,28.3224,25.1622,53.5016,0.5455,0.40316,21.1478,14.6808,38.9098,0.9094,29880000000000,46870000000000,25946000000000,33637000000000,529.29,585.79,0.4814,35240,35240,11030,8572,8650,0.6008,0.588,0.588,25950000000000,529.29,564.44,691,59,545,880011959
45,10309201289891,9201289891,0.6142,0.628,9369360241,9,-1,-1,-1,0,124287000000000,124040000000000,1163.39,261.29,1070.72,1,0.5378,947.49,676.826,58.4397,535.143,-502.49,-208.93,-427.82,-5.184e15,-4.716e15,1.758e15,0.04631,111655099,111653008,12661431059,12661430774,106707545,103,103,111661371,111653101,111661370,188.65,124220000000000,125910000000000,116480000000000,87025000000000,22257000000000,163.908,200.94,0.0667,0.4935,0.26319,49.6722,1.57946,131.812,0.36386,0.19895,42.5539,-0.86497,108.026,0.7627,116700000000000,117900000000000,124040000000000,124040000000000,947.49,977.69,0.5145,18230,18230,32520,33090,32410,0.6142,0.614,0.614,124000000000000,947.49,947.49,693,59,547,880011873
46,10409369360241,9369360241,0.628,0.6421,9536386857,3,-1,-1,-1,0,128873000000000,128820000000000,1173.49,223.722,1064.83,1,0.5378,931.55,676.732,58.3735,535.079,-535.63,-146.38,-269.36,-4.426e15,-2.733e15,1.251e15,0.03416,111654890,111653007,12661431059,12661430774,106148581,104,104,111661404,111653101,111661403,216.639,128820000000000,131320000000000,119920000000000,85154000000000,31504000000000,131.894,41.03,0.04596,0.50067,0.27537,34.5755,13.3176,114.463,0.4701,0.2584,23.9543,11.4146,87.8053,0.7322,119100000000000,109500000000000,128820000000000,128820000000000,931.55,977.69,0.5145,20950,20950,24550,32280,32200,0.628,0.628,0.628,128800000000000,931.55,931.55,692,59,547,880011874
47,10409369360531,9369360531,0.628,0.6421,9536387131,2,-1,-1,-1,0,27638800000000,27158000000000,698.414,101.043,606.47,1,0.3377,584.23,675.162,61.0662,531.632,-352.86,-748.33,575.9,-30160000000000,-6895000000000,-162500000000000,0.01712,1059732295,1059732153,12661431073,12661430774,106148358,104,104,-1,1059732224,1059735107,94.6051,27194000000000,28406000000000,24147000000000,17944000000000,9419400000000,19.4236,36.49,0.01902,0.71772,0.70001,-2.28151,42.6877,-23.7668,0.69279,0.66463,0.23687,35.5959,-18.8646,0.6332,25150000000000,18040000000000,27158000000000,27584000000000,584.23,649.88,0.3453,-1534,-1534,-31.33,1887,2181,0.6008,0.628,0.628,27160000000000,584.23,584.87,691,62,544,880012149
48,12312364148751,12364148751,0.9567,0.9781,12516182129,11,-1,-1,-1,0,378383000000000,333330000000000,1435.75,325.752,1149.89,1,0.6862,1058.3,673.99,57.8995,534.525,-450.01,-133.55,151.04,-2.742e15,1.341e16,-1.599e16,0.02689,111652993,111652988,12661431059,12661430774,94038071,123,123,111680069,111653101,111680068,351.822,333410000000000,388320000000000,253040000000000,170240000000000,68960000000000,112.138,95.77,0.03181,0.48648,0.39043,67.324,-19.3161,75.273,0.58377,0.43372,40.1797,-14.2008,51.0565,0.6411,333000000000000,307700000000000,333330000000000,379390000000000,1058.3,1222.93,0.6712,-28970,-28970,-22540,20890,49450,0.8376,0.957,0.957,333300000000000,1058.3,1219.2,690,59,547,880011964
49,10509536387131,9536387131,0.6421,0.6565,9702329176,1,-1,-1,-1,0,27705500000000,27672000000000,699.904,95.399,608.54,1,0.3377,583.25,675.073,60.8713,531.787,-333.66,-774.48,590.81,-38330000000000,-38290000000000,-157500000000000,0.01675,1059732275,1059732152,12661431073,12661430774,105602172,105,105,1059735108,1059732224,1059735107,94.2582,27704000000000,28853000000000,24616000000000,18342000000000,9518700000000,12.311,44.8,0.01841,0.69405,0.68052,-1.90667,44.7779,-24.3528,0.67949,0.6477,0.64944,37.9402,-17.8956,0.6315,26090000000000,17700000000000,27672000000000,27672000000000,583.25,649.88,0.3453,2207,2207,315.6,1700,1871,0.6421,0.642,0.642,27670000000000,583.25,583.25,691,62,544,880012149
50,11010355148710,10355148710,0.7173,0.7333,10515591681,5,10355148709,10355148709,-1,0,105860000000000,105860000000000,1069.28,281.776,1006.21,0,0.6008,817.14,675.61,58.2277,534.486,238.76,-598.2,724.74,3.321e15,1.393e15,-1.325e16,0.05896,111653848,111662714,12661431059,12661430774,102541579,110,110,111667133,111662784,111667132,216.132,105960000000000,109370000000000,96009000000000,64894000000000,17023000000000,173.22,466.17,0.15522,0.57592,0.39851,81.6136,-17.6685,48.3372,0.44589,0.28644,59.7204,-26.7823,33.6101,1.0743,99460000000000,108400000000000,101770000000000,105860000000000,838.99,861.53,0.5876,3513,3513,14190,27670,26150,0.7173,0.671,0.671,101800000000000,838.99,817.14,691,59,547,880011967
51,11110515591880,10515591880,0.7333,0.7498,10674919687,3,-1,-1,-1,0,32852000000000,32646000000000,718.614,107.996,589.78,1,0.3377,576.53,674.613,59.6627,532.774,-243.49,-866.24,762.17,203900000000000,95540000000000,-418500000000000,0.03491,1059732184,1059732146,12661431073,12661430774,101913979,111,111,1059735347,1059732224,1059735346,104.771,33083000000000,35269000000000,27552000000000,19749000000000,10314000000000,38.4154,40.29,0.03784,0.67524,0.58896,-9.72483,42.5096,-27.3466,0.66343,0.57498,-2.19831,35.7871,-19.7707,0.6076,29820000000000,21490000000000,32646000000000,33440000000000,576.53,649.88,0.369,-3053,-3053,3345,1849,1978,0.7173,0.733,0.733,32650000000000,576.53,581.28,690,61,545,880012108
52,11210674919510,10674919510,0.7498,0.7666,10833153986,17,-1,-1,-1,0,302387000000000,299730000000000,1496.43,333.966,1329.92,1,0.6862,1160.28,675.15,58.274,534.357,-706.76,72.26,44.08,-4.814e15,2.083e16,-1.416e16,0.03305,111653600,111652999,12661431059,12661430774,101255001,112,112,111672697,111653101,111672696,262.941,299920000000000,310090000000000,273180000000000,191010000000000,54110000000000,207.292,367.6,0.05031,0.4643,0.33505,104.394,-16.0035,93.0018,0.47754,0.26102,78.9833,-11.1483,70.0591,0.7843,292900000000000,282700000000000,299730000000000,299730000000000,1160.28,1205.18,0.6565,58430,58430,106800,63880,63130,0.7498,0.75,0.75,299700000000000,1160.28,1160.28,691,59,547,880011967
53,11310833154160,10833154160,0.7666,0.7837,10990317843,2,-1,-1,10990317671,0,33057200000000,31355000000000,701.057,102.406,574.91,1,0.3377,564.55,674.516,59.2063,533.191,-154.14,-986.61,933.52,30330000000000,12650000000000,-231900000000000,0.01855,1059732167,1059732144,12661431073,12661430774,100609838,113,113,1059735730,1059732224,1059735729,97.2892,32425000000000,35061000000000,26695000000000,19217000000000,10044000000000,26.218,40.35,0.01962,0.65429,0.51563,-10.193,39.2758,-32.5142,0.68477,0.55899,-4.40315,32.0744,-22.9301,0.5972,29610000000000,20560000000000,31355000000000,33440000000000,564.55,649.88,0.369,173.8,173.8,1170,1266,1760,0.7173,0.767,0.767,31360000000000,564.55,581.28,690,60,545,880012111
54,11711455599320,11455599320,0.8376,0.8564,11608748863,1,11455599192,11455599192,11608748865,0,11486000000000,11337000000000,486.968,52.1,472.41,1,0.4605,402.02,674.735,57.4735,534.931,68.8,-213.32,1048.74,-21340000000000,-16430000000000,1934000000000,0.00946,1918046923,1918046921,12661431071,12661430774,97975556,117,117,-1,1918047012,1918048680,57.5895,13111000000000,11754000000000,10365000000000,8005800000000,3819200000000,16.5329,37.17,0.01194,0.89015,0.64352,21.359,3.71803,20.7713,0.73727,0.52237,11.6122,-8.11254,20.8187,0.7477,12230000000000,6403000000000,15932000000000,15932000000000,455.63,516.38,0.4406,-1992,-1992,-2009,-918.4,445.6,0.7173,0.717,0.717,15930000000000,455.63,455.63,690,58,547,880011965
55,11811608748750,11608748750,0.8564,0.8755,11761035199,11,-1,-1,-1,0,377390000000000,378190000000000,1556.71,300.926,1332.71,1,0.6862,1203.68,674.58,58.1743,534.413,-575.03,-224.74,-21.29,-1.803e16,2.484e16,3.536e15,0.03156,111653128,111652993,12661431059,12661430774,97305445,118,118,111676145,111653101,111676144,262.215,378850000000000,391090000000000,335420000000000,234320000000000,80395000000000,138.11,240.42,0.03923,0.57429,0.39709,71.7176,-37.7875,91.0356,0.56282,0.40591,51.5243,-17.9259,69.1661,0.6924,380300000000000,326500000000000,378190000000000,379390000000000,1203.68,1222.93,0.6712,-4102,-4102,46850,70380,61230,0.8376,0.856,0.856,378200000000000,1203.68,1219.2,690,59,547,880011964
56,10108862119290,8862119290,0.5876,0.6008,9032185629,4,-1,-1,-1,0,49020300000000,47851000000000,853.162,454.499,749.82,1,0.353,640.74,675.813,58.7526,533.034,-176.75,-586.99,475.35,-1.318e15,-228300000000000,-2.008e15,0.03529,111655599,111662723,12661431059,12661430774,107718477,101,101,111665107,111662784,111665106,392.43,48185000000000,53004000000000,36155000000000,20915000000000,6941400000000,119.126,362.35,0.11099,0.43604,0.37138,-11.4236,73.7445,-60.6887,0.52394,0.40043,-14.2453,45.432,-40.6994,1.0608,50470000000000,82720000000000,47851000000000,47851000000000,640.74,640.74,0.526,75880,75880,22060,12820,12930,0.5876,0.588,0.588,47850000000000,640.74,640.74,692,60,545,880012179
57,12212214182720,12214182720,0.9357,0.9567,12364148751,6,-1,-1,-1,0,378383000000000,342360000000000,1460.73,360.261,1162.03,1,0.6862,1066.53,674.084,57.9425,534.482,-482.18,-167.18,157.43,-4.012e15,1.663e16,-1.245e16,0.02562,111653005,111652989,12661431059,12661430774,94690353,122,122,111679177,111653101,111679176,387.643,342410000000000,397040000000000,258720000000000,172010000000000,66547000000000,128.599,80.25,0.03081,0.43474,0.34716,74.475,-22.5273,83.0193,0.56331,0.43053,42.8075,-12.5253,54.7151,0.6445,342000000000000,337800000000000,342360000000000,379390000000000,1066.53,1222.93,0.6712,-60810,-60810,-14400,28800,51250,0.8376,0.936,0.936,342400000000000,1066.53,1219.2,690,59,547,880011964
58,10910193610827,10193610827,0.7016,0.7173,10355148757,1,10193610773,10193610753,10355148710,0,13718300000000,11540000000000,513.401,79.01,428.11,1,0.2957,412.96,675.627,58.362,534.287,-125.31,-412.83,779.36,-42290000000000,45540000000000,-15350000000000,0.02715,111654030,111669769,12661431059,12661430774,103178299,109,109,-1,111669863,111671795,76.5337,11729000000000,11927000000000,10496000000000,7079900000000,3658100000000,17.5649,69.36,0.02934,0.54834,0.43113,35.0716,27.9267,-0.77936,0.5966,0.49164,20.3109,25.6911,-2.3526,0.6126,10770000000000,7997000000000,25946000000000,33637000000000,529.29,585.79,0.4814,3184,3184,-13840,-3364,4645,0.6008,0.588,0.588,25950000000000,529.29,564.44,691,59,547,880011967
59,11010355148757,10355148757,0.7173,0.7333,10515591683,1,10355148710,10355148709,10515591681,0,14250000000000,18878000000000,601.856,115.018,610.99,1,0.2957,468.59,675.473,58.2887,534.412,909.05,61.68,489.72,515200000000000,-2576000000000,-442800000000000,0.04795,111653869,111669768,12661431059,12661430774,102541578,110,110,-1,111669863,111671795,106.988,27246000000000,19536000000000,17228000000000,12051000000000,4734500000000,67.879,172.61,0.13591,0.8493,0.57655,-33.9578,22.3248,-30.5131,0.77347,0.5458,28.0355,-15.2067,22.98,0.9447,18190000000000,16170000000000,25946000000000,33637000000000,529.29,585.79,0.4814,28640,28640,-8900,-1157,4197,0.6008,0.588,0.588,25950000000000,529.29,564.44,691,59,547,880011967
60,11110515591877,10515591877,0.7333,0.7498,10674919684,1,10515591681,10515591681,10674919510,0,15000300000000,14545000000000,548.855,68.162,477.37,1,0.4605,447.73,675.143,59.2297,533.591,-555.71,-1346.52,282.37,34950000000000,139700000000000,67310000000000,0.04564,1918046936,1918046927,12661431071,12661430774,101914194,111,111,-1,1918047012,1918048625,73.1384,15266000000000,15205000000000,13141000000000,10405000000000,4699900000000,11.2874,16.05,0.04871,0.76739,0.51995,11.7516,-22.9195,32.5375,0.73308,0.45248,9.6558,-19.126,27.5979,0.626,14760000000000,9139000000000,15932000000000,15932000000000,455.63,516.38,0.4406,-5333,-5333,-90.19,302.2,652.2,0.7173,0.717,0.717,15930000000000,455.63,455.63,691,60,546,880012103
61,11210674919687,10674919687,0.7498,0.7666,10833154160,4,-1,-1,-1,0,32899700000000,31308000000000,704.742,98.518,579.64,1,0.3377,568.15,674.558,59.4358,532.973,-186.19,-904.34,837.78,43380000000000,29690000000000,-250300000000000,0.02044,1059732175,1059732145,12661431073,12661430774,101254827,112,112,1059735675,1059732224,1059735674,98.5177,32046000000000,34751000000000,26569000000000,19472000000000,10044000000000,35.483,41.66,0.02166,0.6745,0.54717,-9.37468,40.1759,-26.6138,0.677,0.56429,-3.00395,33.8713,-18.4515,0.5986,29370000000000,19950000000000,31308000000000,33440000000000,568.15,649.88,0.369,-5012,-5012,2009,1335,1826,0.7173,0.75,0.75,31310000000000,568.15,581.28,690,60,545,880012111
62,11911761035297,11761035297,0.8755,0.8951,11912589635,2,11761035199,11761035199,11912589559,0,29122700000000,24598000000000,621.572,75.987,640.09,1,0.3377,507.91,674.932,57.7353,535.024,660.66,-339.38,1039.46,-172100000000000,257500000000000,79040000000000,0.0217,1059732138,1059732138,12661431073,12661430774,96653351,119,119,1059736049,1059732224,1059736048,76.9912,30606000000000,26376000000000,21893000000000,17001000000000,7918500000000,62.7788,48.68,0.0383,0.66665,0.55058,-10.1645,30.465,-26.8158,0.59653,0.50269,11.277,-21.7362,23.0938,0.8681,26530000000000,15670000000000,31355000000000,39591000000000,564.55,649.88,0.4505,-50870,-50870,-3788,-977.4,2712,0.8564,0.767,0.767,31360000000000,564.55,584.97,691,59,547,880011967
63,10209032185867,9032185867,0.6008,0.6142,9201290193,3,-1,-1,-1,0,27558000000000,27584000000000,707.481,107.686,615.64,1,0.3377,584.87,675.348,61.4185,531.365,-377.94,-693.23,516.89,17230000000000,108700000000000,-256300000000000,0.02777,1059732338,1059732155,12661431073,12661430774,107221319,102,102,1059735010,1059732224,1059735009,108.444,27629000000000,28630000000000,23963000000000,17083000000000,9014400000000,21.0909,42.39,0.03184,0.74018,0.70137,-2.85894,47.9373,-22.0046,0.70476,0.65652,-0.6566,39.3477,-17.5053,0.6422,24320000000000,17970000000000,27584000000000,27584000000000,584.87,649.88,0.3453,9.164,9.164,642.4,3120,3045,0.6008,0.601,0.601,27580000000000,584.87,584.87,691,62,544,880012149
64,10409369360307,9369360307,0.628,0.6421,9536386909,1,-1,-1,-1,0,85715200000000,84852000000000,1021.03,207.302,946.12,1,0.6008,832.93,675.588,58.312,533.465,-476.67,-534.91,657.17,-1.538e15,1.891e15,-7.427e15,0.0445,111654922,111662720,12661431059,12661430774,106148392,104,104,111665585,111662784,111665584,158.998,85361000000000,85911000000000,80425000000000,60569000000000,16576000000000,82.6249,569.37,0.13466,0.8683,0.82816,55.4916,68.1392,21.9721,0.90302,0.74357,68.0604,29.8622,5.82591,1.0527,82270000000000,77160000000000,84852000000000,84852000000000,832.93,832.93,0.5747,36640,36640,46650,26220,25320,0.628,0.628,0.628,84850000000000,832.93,832.93,691,59,546,880011960
65,10509536386857,9536386857,0.6421,0.6565,9702328908,4,-1,-1,-1,0,133080000000000,133760000000000,1183.41,272.465,1027.51,1,0.5378,910.78,676.63,58.3447,535.077,-544.39,-197.92,-340.97,-4.733e15,-2.601e15,1.389e15,0.03459,111654693,111653006,12661431059,12661430774,105602295,105,105,111661461,111653101,111661460,264.846,133770000000000,136570000000000,123640000000000,81456000000000,30132000000000,67.3201,101.53,0.04458,0.5002,0.27454,32.0727,19.7967,119.649,0.42184,0.28381,26.6072,12.5328,86.5828,0.6975,123700000000000,128300000000000,133760000000000,133760000000000,910.78,977.69,0.526,21210,21210,21440,32140,31340,0.6421,0.642,0.642,133800000000000,910.78,910.78,692,59,547,880011874
66,10609702329167,9702329167,0.6565,0.6712,9867184315,1,-1,-1,-1,0,14919300000000,14827000000000,566.023,107.525,481.28,1,0.4605,444.28,675.825,60.693,533.371,-521.59,-990.22,147.4,-9933000000000,131700000000000,-12970000000000,0.03564,1918046955,1918046932,12661431071,12661430774,105010965,106,106,1918048401,1918047012,1918048400,105.739,14858000000000,15489000000000,13112000000000,9249200000000,4204600000000,42.3574,13.5,0.04111,0.81764,0.49861,12.4845,31.5985,-22.8253,0.72167,0.46187,7.3922,24.8936,-20.6678,0.6452,13140000000000,11980000000000,14827000000000,14827000000000,444.28,516.38,0.4406,690.5,690.5,697.4,824.8,862.4,0.6565,0.656,0.656,14830000000000,444.28,444.28,692,62,546,880012164
67,10910193610988,10193610988,0.7016,0.7173,10355148933,1,-1,-1,-1,0,15608700000000,15701000000000,568.891,85.465,501.24,1,0.4605,453.88,675.415,59.8567,533.488,-549.95,-1181.05,160.16,-15640000000000,178400000000000,45840000000000,0.04279,1918046942,1918046929,12661431071,12661430774,103178402,109,109,1918048512,1918047012,1918048511,88.8826,15733000000000,16681000000000,13806000000000,10731000000000,4543300000000,15.4239,51.58,0.0507,0.84074,0.53237,5.66511,-22.5057,32.8243,0.77323,0.44936,1.05756,-22.569,25.5436,0.6789,14970000000000,11220000000000,15701000000000,15701000000000,453.88,516.38,0.4406,2014,2014,897.6,686.7,782.3,0.7016,0.702,0.702,15700000000000,453.88,453.88,691,61,546,880012102
68,11310833154158,10833154158,0.7666,0.7837,10990317841,2,10833153986,10833153986,10990317671,0,13746700000000,13827000000000,533.618,69.469,475.05,1,0.4605,430.48,674.89,58.5062,533.805,-430.72,-1618.15,669.67,12980000000000,102900000000000,618000000000,0.03057,1918046931,1918046925,12661431071,12661430774,100609949,113,113,-1,1918047012,1918048680,73.3434,15462000000000,14374000000000,12542000000000,9527700000000,4377700000000,19.9154,29.85,0.034,0.66743,0.45606,18.1723,-20.0693,29.4851,0.6248,0.42966,16.3007,-12.515,24.5901,0.6563,14040000000000,8957000000000,15932000000000,15932000000000,455.63,516.38,0.4406,-2577,-2577,-930.1,-28.4,584.6,0.7173,0.717,0.717,15930000000000,455.63,455.63,691,59,546,880011960
69,11511146416808,11146416808,0.8013,0.8192,11301492945,2,11146416646,11146416646,11301492789,0,29742300000000,29792000000000,680.881,88.29,572.49,1,0.3377,558.56,674.455,58.6894,533.691,-57.6,-1181.03,1148.81,138300000000000,60740000000000,-227500000000000,0.02329,1059732154,1059732142,12661431073,12661430774,99284886,115,115,1059735831,1059732224,1059735830,84.1036,31403000000000,32931000000000,25372000000000,18471000000000,9886000000000,18.2434,17.13,0.02452,0.67014,0.51872,-11.6718,34.9634,-32.849,0.69496,0.56624,-5.0689,29.7361,-21.9022,0.6058,28040000000000,18050000000000,31355000000000,33440000000000,564.55,649.88,0.369,-5415,-5415,-1600,681.7,1591,0.7173,0.767,0.767,31360000000000,564.55,581.28,690,60,546,880012100
70,10108862119538,8862119538,0.5876,0.6008,9032185867,6,-1,-1,-1,0,27518300000000,27582000000000,710.031,112.808,624.83,1,0.3377,590.67,675.451,61.6002,531.226,-372,-670.52,511.76,59030000000000,150700000000000,-235800000000000,0.0283,1059732363,1059732156,12661431073,12661430774,107719739,101,101,1059734932,1059732224,1059734931,108.468,27647000000000,28333000000000,24404000000000,16749000000000,9023400000000,22.08,33.39,0.03295,0.74275,0.71654,-3.69615,46.6351,-25.609,0.72786,0.68998,1.75574,39.3088,-16.5429,0.6514,23990000000000,18440000000000,27582000000000,27582000000000,590.67,649.88,0.3453,905.5,905.5,1170,3859,3800,0.5876,0.588,0.588,27580000000000,590.67,590.67,691,63,543,879760521
71,12112063509108,12063509108,0.9152,0.9357,12214182776,1,12063509043,12063509043,-1,0,24455000000000,27892000000000,638.353,136.247,602.88,1,0.3377,476.51,675.093,57.589,535.432,75.18,-224.93,688.83,-330500000000000,453900000000000,345400000000000,0.03603,1059732136,1059732136,12661431073,12661430774,95341025,121,121,-1,1059732224,1059736157,137.648,36893000000000,31066000000000,22783000000000,14456000000000,6629800000000,21.6305,123.9,0.06313,0.54501,0.484,26.8861,-18.8759,29.8321,0.61568,0.56972,20.502,-10.1743,19.5059,0.8494,27150000000000,24850000000000,31355000000000,39591000000000,564.55,649.88,0.4505,15480,15480,-1304,-725.2,2497,0.8564,0.767,0.767,31360000000000,564.55,584.97,691,58,548,880011971
72,10609702328908,9702328908,0.6565,0.6712,9867184064,6,-1,-1,-1,0,146347000000000,136660000000000,1186.76,322.259,995.35,1,0.5378,880.26,676.481,58.3084,534.95,-606.32,-204.29,-427.8,-4.82e15,-2.376e15,1.03e15,0.03227,111654504,111653005,12661431059,12661430774,105011029,106,106,111661666,111653101,111661665,372.807,136670000000000,142980000000000,117990000000000,72981000000000,31550000000000,73.2254,168.7,0.04184,0.46883,0.27165,39.583,17.7163,119.241,0.45516,0.30279,23.2288,15.7447,85.6421,0.6875,143600000000000,145500000000000,136660000000000,136660000000000,880.26,977.69,0.526,12210,12210,19910,31480,30740,0.6565,0.656,0.656,136700000000000,880.26,880.26,692,59,547,880011874
73,10609702329018,9702329018,0.6565,0.6712,9867184167,5,9702328954,9702328954,9867184106,0,16160700000000,14646000000000,563.715,55.606,577.32,1,0.2957,493.52,675.583,58.4753,533.827,428.43,80.37,507.06,-179300000000000,112500000000000,15350000000000,0.04907,111654566,111669772,12661431059,12661430774,105010903,106,106,111671692,111669863,111671691,58.3015,15707000000000,14879000000000,13907000000000,10920000000000,5919300000000,71.5272,50.83,0.06712,0.64217,0.61229,23.5462,31.9537,15.606,0.63628,0.55793,18.8035,27.928,12.4519,0.7868,15000000000000,8027000000000,25946000000000,33637000000000,529.29,585.79,0.4814,-43860,-43860,-8156,-1216,6119,0.6008,0.588,0.588,25950000000000,529.29,564.44,691,59,546,880011960
74,10810030936908,10030936908,0.6862,0.7016,10193610773,5,10030936873,10030936873,10193610753,0,103533000000000,103870000000000,1073.16,400.232,882.5,1,0.6008,824.61,675.263,58.238,534.141,117.2,117.28,677.41,815000000000000,1.397e15,-6.509e15,0.05498,111654170,111662716,12661431059,12661430774,103809349,108,108,111666788,111662784,111666787,219.687,103880000000000,105940000000000,95613000000000,60611000000000,7862800000000,105.586,143.06,0.07961,0.57279,0.49749,88.1101,93.0735,9.67466,0.29789,0.27583,88.622,51.8458,-6.37742,0.7362,97370000000000,115400000000000,101770000000000,103870000000000,838.99,861.53,0.5876,8524,8524,25320,29610,27110,0.6862,0.671,0.671,101800000000000,838.99,824.61,691,59,546,880011960
75,10910193610753,10193610753,0.7016,0.7173,10355148709,5,-1,-1,-1,0,276542000000000,248090000000000,1427.53,633.727,1175.15,1,0.6862,1047.47,675.951,58.1846,534.604,-860.56,-126.28,-494.5,7.8e15,2.898e16,-1.848e16,0.06192,111653999,111653002,12661431059,12661430774,103178212,109,109,111662422,111653101,111662421,439.881,248150000000000,259050000000000,210710000000000,111610000000000,31812000000000,232.263,721.59,0.09716,0.41317,0.2734,92.8367,-14.8143,94.4281,0.523,0.30217,38.2391,-3.32081,69.026,0.7682,222400000000000,309900000000000,248090000000000,248090000000000,1047.47,1047.47,0.6142,124200,124200,88020,62650,61110,0.7016,0.702,0.702,248100000000000,1047.47,1047.47,692,59,547,880011874
76,10910193610773,10193610773,0.7016,0.7173,10355148710,5,10193610753,10193610753,10355148709,0,104897000000000,104960000000000,1071.66,342.324,885.08,1,0.6008,820.95,675.326,58.2695,534.276,325.39,94.66,627.75,1.652e15,938600000000000,-6.467e15,0.05228,111654005,111662715,12661431059,12661430774,103178298,109,109,111666959,111662784,111666958,218.224,104960000000000,107300000000000,95506000000000,62396000000000,9332000000000,41.4185,254.87,0.07794,0.64971,0.58033,87.4784,65.89,31.7559,0.5309,0.40506,74.1602,42.7948,22.3209,0.7595,98650000000000,110200000000000,101770000000000,104960000000000,838.99,861.53,0.5876,4322,4322,19310,28700,26730,0.7016,0.671,0.671,101800000000000,838.99,820.95,691,59,547,880011967
77,10910193610993,10193610993,0.7016,0.7173,10355148936,1,-1,-1,-1,0,32403000000000,32470000000000,724.787,107.253,610.44,1,0.3377,585.91,674.748,60.0798,532.419,-299.16,-808.23,644.98,367000000000000,180400000000000,-465700000000000,0.0445,1059732209,1059732148,12661431073,12661430774,103178201,109,109,1059735205,1059732224,1059735204,105.074,32601000000000,34742000000000,26977000000000,19349000000000,10503000000000,33.8087,61.52,0.05065,0.67923,0.62072,-6.54419,43.149,-25.2113,0.64556,0.58101,0.32283,36.9957,-17.9288,0.6421,32000000000000,20630000000000,32470000000000,32470000000000,585.91,649.88,0.3609,4643,4643,3587,1996,2106,0.7016,0.702,0.702,32470000000000,585.91,585.91,690,61,545,880012108
78,11010355148933,10355148933,0.7173,0.7333,10515591877,2,-1,-1,10515591681,0,15627700000000,15932000000000,568.761,82.084,505.97,1,0.4605,455.63,675.274,59.5509,533.532,-563.01,-1250.68,202.05,18050000000000,186500000000000,63390000000000,0.04414,1918046939,1918046928,12661431071,12661430774,102541523,110,110,-1,1918047012,1918048625,85.0954,15984000000000,17061000000000,14035000000000,10818000000000,4892600000000,17.5684,47.96,0.05251,0.82209,0.53388,9.77156,-20.5294,33.5876,0.78917,0.4635,4.90153,-19.8551,27.0369,0.6855,15730000000000,11010000000000,15932000000000,15932000000000,455.63,516.38,0.4406,901.6,901.6,1003,747.1,706,0.7173,0.717,0.717,15930000000000,455.63,455.63,691,60,546,880012103
79,11110515591683,10515591683,0.7333,0.7498,10674919510,1,10515591681,10515591681,-1,0,12332000000000,12332000000000,519.476,60.642,652.21,0,0.2957,448.09,675.685,58.1575,534.55,352.24,-989.22,593.81,-26740000000000,90360000000000,-9972000000000,0.02965,111653717,111669767,12661431059,12661430774,101914119,111,111,111671796,111669863,111671795,52.7917,19442000000000,12966000000000,11008000000000,8133700000000,4547800000000,54.7543,109.51,0.03822,0.67393,0.60725,0.54236,29.8846,-20.4995,0.67433,0.53367,4.34341,26.2419,-14.2684,1.2368,11620000000000,7054000000000,25946000000000,33637000000000,529.29,585.79,0.4814,-25170,-25170,-8004,-3784,3877,0.6008,0.588,0.588,25950000000000,529.29,564.44,691,59,547,880011967
80,11410990317843,10990317843,0.7837,0.8013,11146416808,2,10990317671,10990317671,11146416646,0,30818300000000,31308000000000,696.557,101.134,573.93,1,0.3377,560.53,674.476,58.9593,533.425,-112.09,-1082.38,1044.85,68970000000000,5518000000000,-237200000000000,0.01948,1059732160,1059732143,12661431073,12661430774,99946854,114,114,1059735786,1059732224,1059735785,95.9377,32646000000000,34838000000000,26900000000000,19084000000000,9965800000000,21.4331,33.4,0.02058,0.67328,0.52484,-9.68326,37.0328,-32.6371,0.71545,0.57914,-3.4856,30.8313,-20.9189,0.5986,29420000000000,20490000000000,31355000000000,33440000000000,564.55,649.88,0.369,-171.7,-171.7,34.19,1175,1714,0.7173,0.767,0.767,31360000000000,564.55,581.28,690,60,546,880012100
81,11811608748863,11608748863,0.8564,0.8755,11761035294,1,11608748865,11608748750,11761035297,0,10569300000000,11209000000000,481.763,65.425,452.62,1,0.4605,397.83,674.758,57.4526,535.153,102.9,62.29,779.55,-14520000000000,-12520000000000,-31770000000000,0.01314,1918046921,1918046920,12661431071,12661430774,97305441,118,118,-1,1918047012,1918048680,56.7181,12579000000000,12168000000000,9703900000000,7079900000000,3480500000000,10.3244,24.11,0.0166,0.88337,0.59877,8.17829,-19.0601,21.1909,0.64335,0.48433,11.2843,-7.58058,21.0006,0.7346,11220000000000,7267000000000,15932000000000,15932000000000,455.63,516.38,0.4406,-437.5,-437.5,-1906,-983.6,415.6,0.7173,0.717,0.717,15930000000000,455.63,455.63,690,58,547,880011965
82,10108862119523,8862119523,0.5876,0.6008,9032185854,2,-1,-1,-1,0,14133300000000,14124000000000,568.048,134.01,472.49,1,0.4605,443.4,676.423,61.769,533.146,-439.69,-736.05,195.25,-5429000000000,117700000000000,-40030000000000,0.03677,1918046987,1918046937,12661431071,12661430774,108352985,101,101,-1,1918047012,1918048393,135.014,14124000000000,14511000000000,12593000000000,8398700000000,3610000000000,11.7258,98.54,0.04374,0.7262,0.43413,24.3868,38.6243,-15.0258,0.57804,0.39879,17.9777,31.1648,-14.6715,0.6461,12270000000000,13450000000000,14124000000000,14124000000000,443.4,516.38,0.4309,1281,1281,593.1,2601,2553,0.5876,0.588,0.588,14120000000000,443.4,443.4,692,63,545,880012168
83,12112063509043,12063509043,0.9152,0.9357,12214182720,7,-1,-1,-1,0,377809000000000,361060000000000,1498.85,415.175,1185.86,1,0.6862,1081.17,674.185,57.9926,534.447,-535.33,-188.93,106.02,-7.145e15,1.941e16,-7.092e15,0.02395,111653027,111652990,12661431059,12661430774,95341026,121,121,111678971,111653101,111678970,453.627,361110000000000,402370000000000,269350000000000,177680000000000,65398000000000,173.206,129.56,0.02934,0.36955,0.29696,84.3732,-30.541,96.0153,0.52782,0.42357,48.3986,-7.19092,57.1454,0.6488,350700000000000,388600000000000,361060000000000,379390000000000,1081.17,1222.93,0.6712,-57800,-57800,1874,43920,53090,0.8376,0.915,0.915,361100000000000,1081.17,1219.2,690,59,547,880011964
84,10309201290153,9201290153,0.6142,0.628,9369360493,1,9201289891,9201289891,9369360241,1,13806800000000,13806800000000,558.799,94.2775,544.517,1,0.3453,466.313,676.944,58.4268,535.424,-623.589,-175.388,-680.905,-43860000000000,-80440000000000,64340000000000,0.02071,111655292,111679196,12661431059,12661430774,165211307,103,103,-1,111679272,111679672,130.906,14815400000000,14266700000000,12536500000000,9122600000000,4514000000000,26.0504,126.43,0.03076,0.633125,0.41308,12.2516,8.16068,42.7398,0.684575,0.453895,-5.55971,14.0372,9.33391,0.77935,13675000000000,11425500000000,2944600000000,13806800000000,298.88,466.313,0.5876,22630,22630,10820,5407,4185,0.6142,0.412,0.412,2945000000000,298.88,466.313,693,59,548,880011822
85,10309201290193,9201290193,0.6142,0.628,9369360531,4,-1,-1,-1,0,27600700000000,27508000000000,704.188,104.391,611.04,1,0.3377,584.66,675.253,61.2527,531.493,-346.58,-737.19,534.58,-24240000000000,50890000000000,-225100000000000,0.02336,1059732316,1059732154,12661431073,12661430774,106708638,103,103,1059735083,1059732224,1059735082,102.175,27538000000000,28555000000000,23808000000000,17484000000000,9175500000000,22.3029,38.44,0.02637,0.72783,0.70278,-2.62953,44.8934,-22.1819,0.7112,0.68154,-0.92738,37.1617,-17.2557,0.6366,24510000000000,17980000000000,27508000000000,27584000000000,584.66,649.88,0.3453,-343,-343,328.8,2450,2777,0.6008,0.614,0.614,27510000000000,584.66,584.87,691,62,544,880012149
86,10409369360493,9369360493,0.628,0.6421,9536387095,1,9369360241,9369360241,9536386857,0,12227100000000,18822000000000,618.072,156.634,582.46,1,0.3453,469.19,676.767,58.3788,535.19,-783.53,-196.9,-1198.4,-70150000000000,-148100000000000,117400000000000,0.02481,111655080,111679195,12661431059,12661430774,106148582,104,104,-1,111679272,111679672,164.312,20088000000000,19686000000000,16575000000000,10822000000000,4582500000000,29.1572,117.42,0.04273,0.45035,0.30009,13.9769,16.3499,51.0429,0.45835,0.34126,7.46677,13.0357,37.2466,0.8332,16790000000000,19060000000000,2944600000000,18822000000000,298.88,469.19,0.6008,21980,21980,14660,7178,6031,0.628,0.412,0.412,2945000000000,298.88,469.19,693,59,548,880011822
87,10409369360523,9369360523,0.628,0.6421,9536387123,2,-1,-1,-1,0,14522700000000,14465000000000,566.144,123.885,472.94,1,0.4605,440.05,676.089,61.1613,533.291,-457.53,-875.06,157.85,-8804000000000,134900000000000,-57650000000000,0.04211,1918046967,1918046934,12661431071,12661430774,106148419,104,104,-1,1918047012,1918048400,121.724,14465000000000,15057000000000,12748000000000,8535700000000,3959200000000,31.1771,50.84,0.04831,0.76133,0.47349,17.9455,33.7689,-20.1148,0.69668,0.45833,12.3466,27.1903,-17.9283,0.6316,12740000000000,12990000000000,14465000000000,14465000000000,440.05,516.38,0.4309,109.6,109.6,657.2,1038,1163,0.628,0.628,0.628,14460000000000,440.05,440.05,692,62,546,880012164
88,10509536387123,9536387123,0.6421,0.6565,9702329167,1,-1,-1,-1,0,14651700000000,14663000000000,566.362,117.649,475.17,1,0.4605,441.47,675.964,60.9379,533.332,-511.51,-921.24,153.04,-6345000000000,128200000000000,-28870000000000,0.03649,1918046961,1918046933,12661431071,12661430774,105602199,105,105,-1,1918047012,1918048400,114.808,14675000000000,15271000000000,12852000000000,8775000000000,4142900000000,43.5233,22.24,0.0419,0.77812,0.48659,16.5869,33.5626,-20.0862,0.69818,0.45152,10.7256,26.5717,-18.2383,0.6345,12930000000000,12540000000000,14663000000000,14663000000000,441.47,516.38,0.4406,850.2,850.2,794.9,910.8,978.6,0.6421,0.642,0.642,14660000000000,441.47,441.47,692,62,546,880012164
89,12512661431073,12661431073,1,0,-1,1,-1,-1,-1,0,23705700000000,22623000000000,575.481,79.867,537.69,1,0.3377,475.73,674.894,57.5647,535.731,-423.76,82.62,33.37,-181900000000000,117600000000000,-69670000000000,0.02178,1059732132,1059732132,12661431073,12661430774,92781716,125,125,-1,1059732224,1059736157,69.7499,27602000000000,26625000000000,16778000000000,11723000000000,6821000000000,28.674,81.91,0.03006,0.7236,0.60061,28.0821,-6.86651,17.3663,0.72979,0.65581,21.5877,-5.31004,9.80299,0.768,22810000000000,13240000000000,22623000000000,39591000000000,475.73,649.88,0.4505,3039,3039,-5104,-2399,2124,0.8564,1,0.767,31360000000000,564.55,584.97,691,58,548,880011971
90,10709867184323,9867184323,0.6712,0.6862,10030937125,3,-1,-1,-1,0,29670700000000,29512000000000,708.82,90.823,612.85,1,0.3377,594.39,674.903,60.4769,532.099,-324.77,-784.83,625.16,66040000000000,-5592000000000,-257300000000000,0.0235,1059732241,1059732150,12661431073,12661430774,104420518,107,107,-1,1059732224,1059735204,88.2514,29512000000000,32059000000000,25529000000000,19135000000000,10485000000000,24.9289,24.17,0.02591,0.67853,0.62053,-2.32808,45.1074,-23.3837,0.64361,0.59079,1.36158,38.5658,-17.4193,0.6341,28200000000000,17920000000000,29512000000000,29512000000000,594.39,649.88,0.353,5417,5417,1452,1545,1981,0.6712,0.671,0.671,29510000000000,594.39,594.39,691,61,544,880012106
91,10810030936873,10030936873,0.6862,0.7016,10193610753,8,-1,-1,-1,0,275646000000000,216760000000000,1371.4,1277.34,1108.69,1,0.6862,995.37,676.149,58.2183,534.736,-764.98,-183.01,-454.36,4.019e15,1.958e16,-1.137e16,0.04615,111654160,111653003,12661431059,12661430774,103809383,108,108,111662175,111653101,111662174,623.038,217280000000000,236970000000000,158470000000000,73062000000000,29629000000000,252.558,552.69,0.08007,0.39693,0.23029,70.4657,-13.2598,108.923,0.48326,0.35487,17.6598,13.9679,67.3532,0.7959,201000000000000,332100000000000,216760000000000,216760000000000,995.37,995.37,0.5622,195400,195400,70340,56320,53320,0.6862,0.686,0.686,216800000000000,995.37,995.37,692,59,547,880011874
